text,retweet_count
 adbaanalytics twitterda dünneoldu konuşulan konular cencem cemned survivor sokağacikmayasaği nedcer,603
 gokhanozoguz abi şimdi çıkıyomuyuz çıkmıyomuyuz sokağacikmayasaği,314
 atakiizi bir acemi er yatakhanede sıkıştırılıyor ere devrecilik adı altında fiziki eziyet ediliyor paylaşalım gerekli yerlere u,191
 ressambob şuraya hafta içi dinlenip sadece hafta sonları bulaşan bir virüs çizelim sokağacikmayasaği httpstcosdkzuav,179
 tesklt real ayasofyanın ibadete açılmasına halk karar versin dedi bakalım ankette çıkacak fazla kişiye ulaşsınoy bini geç,150
 __kovboy sokağacikmayasaği geldiğinde yıınanlar şimdi yasak kalkınca kalktı lan gezizekalı donsuzlar emmeye gömmeye,150
 maliuludag_ baba tutuklu ev hanımı anne bircan erdem sabah ankarada gözaltında ardında aylık yaşlarında öksüz ye,150
 turanbulent dayı sen yapıyorsun yildirimkaya demokratiksiyaset dünyaçevregünü meclisteterörististemiyoruz darbeciakp,141
 tasdemir_cemile cumhurbaşkanımız sokağa çıkma yasağında halkının yanında olmayı tercih etti yasağı kaldırdı real sokağacikma,129
 themarglnale cumhurbaşkanı erdoğan vatandaşlarımızın taleplerini dinledi sokağa çıkma yasağını iptal etti milletinin isteklerine,120
 ceiaisengor burdan ülkeyi yöneten kişilere sesleniyorum whatsapp bir uygulama var indirin birbirinizle haberleşip mesajlaşabi,105
 redakbey başkanım haftasonu sokağacikmayasaği ilan edecekmiyiz httpstcowmcntbjzz,102
 okuryazariab yasak varken yasak var diyen kesim yasak kalkınca yasak kalktı isyan ediyor sizin derdiniz millet deği,100
 almirasu selam istanbul gaziosmanpaşa meydanda lc waikiki mağazasının yanında yalnız yaşıyorum gaziosmanpasa sultangazi,100
 resulbasibuyuk sokağacikmayasaği chpli ene berberoğlu hdpli leylagüven musa farisogullarının milletvekilliğinin düşmesi şerefi,100
 themarglnale dün korona hafta içi bulaşmıyor diyerek yasağı eleştirenler bugün cumhurbaşkanı erdoğan yasağı iptal edince iptal ka,100
 resulbasibuyuk çık diyor çıkıyoruz gir diyor giriyoruz kadar diktatör bir erkek cumhurbaşkanı erdoğan sokağacikmayasağinı,100
 deli_dalga_ videoyu iyi izleyin bir yaptığı paylaşıma bakın davutoğlu dün gelişme olursa olsun cumhurbaşkanımızın aleyhinde tek,100
 smyrna recep bey yasak koydu tayyip bey itiraz etti erdoğan bey yasağı iptal etti alın size tek adam rejimi sokağacikmayasaği,100
 akadirkaraduman bunlara leblebici dükkanı emanet edilmez prof dr necmettin erbakan sokağacikmayasaği,87
 sedefkabas sabah sokağa çıkma kararı verdim öğlen sokağa çıkma yasağını iptal kararı verdim sorsan ülkede tek adam r,84
 beyaziteren büyükşehir zonguldak sokağa çıkma yasağı var bakanlıklar şahsım sokağacikmayasaği httpstcopawjdfvaz,73
 pelinn sokağacikmayasaği tesekkuerlererdoğan sağlıkbakanlığı vay efendim erdoğan ayrı bir karar içişleri bakanı ayrı bir karar,72
 veyselkarane üveys zikrini yapan on binlerce kardeşimizin zikre başladığında hayatında nekadar güzelliklerlütuflar yaşadığını,69
 whoprofesor sokağacikmayasaği var yok sorularına karşı bakanlıkların tepkisi httpstcorjdccd,66
 kadirdogulu rica ediyorum işimiz gücümüz var kafam karıştı iptal mi değil mi sokağacikmayasaği,64
 hekicigelecek dün yasak yok bugün yasak var günde değişti iktidarın halkla dalga geçer uygulamaları aık sona ermeli,64
 mumine_fv sokağacikmayasaği yoktu hani vefali virüs ilin peşini bırakmıyor ilde yok ilde var hafta içi yok hafta sonu va,64
 eytdelisefer gece alınan sokağa çıkma yasağı kararı öğlen iptal edildi coranavirüsde sileyim sizin yapacağınız işi deyip ülkemi,62
 seroklc_ cumhurbaşkanı erdoğan karar değiştirdi vatandaşın talepleri doğrultusunda yaptı bunubu karar değişikliğini eleştirenle,61
 thelaikyobaz sokağa çıkma yasağı geldiğinde ooo böyle sürekli yasak geliyor ağlayanlar şimdi yasak kalkınca yasak kal,59
 keyifsadece son kararınız sokağacikmayasaği httpstcocekcytw,59
 ahmetakin elma dersem çık armut dersem çıkma allah aşkına böyle ülke yönetimimi olur bilim kurulu kaldı milletimizin sağlığ,57
 dogangtss sokağacikmayasaği kararı malum kişi tarafından iptal edilince aklıma görsel geldi httpstcowgtbkavcl,52
 uluhakan_ kısıtlamanın iptal olduğunu duyan il sakinleri sokağacikmayasaği httpstcossgyezdx,52
beynizimin ünü kullanirsak nolur sokağacikmayasaği httpstcoitrfuhp,50
 dincer_kul müslüman aleminin cuma bayramı hayırlıbereketlihuzur dolubol ibadetli geçsinallahcc devletimizimilletimizi kötül,50
 nurhandas yer yerinden oynadı sen içimden milim kaymadın protestoediyorum aık gelsene nurhandas sokağacikmayasağ,50
 duyguu bir sıçan bile bütün risklere rağmen öleceğini bile bile hergün dışarı çıkıp besin bulmak zorundadır insanlara evdekal dem,50
 nlf günaydın ben geldim biliyorum biraz geç kalsam kaldı merak ediyorsunuz işte bende geliyorum buradayım arkadaşlar he,50
 uyanhadi_ sokağa çıkma yasağı uygulayacak kadar tehlikeli milyonlarca üniversite adayını sınavda etkilemeyecek kadar tehlikesiz virüs,50
sokağa çıkma yasağı olmadığını sokağı boş görünce anladım yasak sokağacikmayasaği,50
 fcagras herkes bir bir alparslan kuytul hocaefendinin dediğine geliyor tedbirlerin aşırı olduğunu ifade ediyor hadi bakalım,50
 melikeelebi cuma güzel cuma gel ayasofya gel hayirlicumalar sokağacikmayasaği erdogan ayasofyacamiolsun httpstco,50
 vatanseveweet akıyor gece maşallah şehitlerimiz rahat uyusunlar hayırlı cumalar sokağacikmayasaği httpstconsnfpjbqkn,50
 haliliseli ilimiz hafta sonu sokağa yasağı cumhurbaşkanı tarafından iptal edildi sokağacikmayasaği cuma httpstcorvji,50
 zehraayikk haftasonu yapılan planlar iptal sokağacikmayasaği,50
 kagit_kiz sokağacikmayasaği iptal edilmiş haberini aldım httpstcojzreqmbymo,50
 ismailzulalhaci son kararınız sokağacikmayasaği hafta cumhurbaskanıerdoğan hayirlicumalar yasak kalktı bilimkurulu kara,50
 her__yerde küfür et oaya bırak gideceği yeri şaşırmadan buluyor oldu lan düne kadar planlarım alt üst oldu sokağacik,50
 ilksevdamm_ sokağa çıkma yasağının iptalini iptal eden karar iptal edildi virüsün elinde oyuncak olduk sokağacikm,50
 ibo_e_ sokağacikmayasaği tesekkurlererdogan büyük real hizli karar tamda başkanlik sistemine uygun oldu teşekkürler,50
 ibo_e_ teşekkürlererdoğan sokağacikmayasaği büyük real türkiyenin virüs konusunda dünya çapindaki başariyi dünya,50
 yavuzicmeli sokağa çıkma yasağı yerine türkiyede maske takmak zorunlu hale gelse takmayana ceza uygunlunsasokağacikmayasaği,50
 ikbl fani dünyada ebediyet yolumuzu aydınlatan peygamber efendimiz sallallahu aleyhi vesellemin nuru üzerimizden eksik olmasın,50
 omerfarukbey devlete borcumuz yokken aynı suç iddiasi birden fazla ceza kesilmesi evrensel hukuka aykırıdır sn abdulhamitgul ma,50
 sairmatematikci sokağacikmayasaği nda keyfi olarak katkısı olan herkese teşekkür ederim hayirli cumalar,50
 bymralone sokağacikmayasaği iptal edildi,50
 cagriza devlete borcu olmayan vergi cezasını ödemiş insanları bir mali yıl ayrı ayrı zincirleme hapis cezasına mahkum etm,50
 cagriza inanılmaz ölçüsüz cezalar veren vuk kısa sürede değişmelidir sn beratalbayrak mehmedmus mehmetucum avozlemzengin,50
 canlikelebek_ vay hemşehrim vayyy ben lucy lucy canı sıkılınca dünyaçevregünü sokağacikmayasaği hayirlicumalar http,50
 cagriza vergi usul kanununa yeni bir düzenleme yapılmasını acilen bekleyen binlerce iş insanımız esnafımız sizden vergi barışı talep,50
 bircanbasak ankarayı bir ankaralı gözünden seyredelim kardeşimizin dediği neye üzülüyoruz biliyormusunuz sayın meli,50
 sevincx sokağa çıkmayın yok çıkar yapın çıkmasanız iyi olur çıksanız olur yok yok iyisi çıkmayın gönl,50
 berildeniz erdoğan millet bahçesi açıyormuş coşkuya bakarsan tane fabrika açıyorlar dünyaçevregünü sokağacikmay,50
 resulbasibuyuk herkes plan yaparken uçak otobüs bileti alırken hayat normale dönmüşken birden sokağa çakma yasağı uygulanması boşuna,50
 ramazanacikgoz_ cumhurbaşkanımız erdogan herzaman olduğu halkımızın sesine yine kulak verdi hafta sonu planlanan sokağaci,50
sosyal mesafe maske önemli tabiki kurallara riayet eden bir milletiz ancak konu derin mühim kadar müh httpstcowocxoqwhf,50
 abuldozer sokağacikmayasaği kalkınca dışarıya çıkmaya çalışiyorum httpstcojybemtgyfb,50
 patiiron ben akşam aldığım kararları sabah iptal ediyorum demek hükümet kadınım sokağacikmayasaği,50
 ozdenkrmn allah aşkına istiyorsunuz dün sokağacikmayasaği var dediniz bugün karar iptal olunca yas,50
 sunam protestoediyorum kurulan oyunları tuzakkarı bozan tek adam erdogan padişahım yaşa uzun yaşa sokağaci,50
 the_marlas hayata karşı bütün inancımı yitirdiman itibariyle sokağacikmayasaği,50
 filits görülen virüs yine harekete geçmiş gündem farklı konulara eğrilirken korına virüs arka planda boş durmayacak fazla a,47
 dilekkooo kendim şahsımı ikna ettim yasağı iptal ettim sokağacikmayasaği httpstcozaakhouuy,43
 candundaradasi sokaklar benim değil mi sabah kapatır akşam açarım sokağacikmayasaği,40
 zafergndzz cumhurbaşkanı erdoğanın sokağacikmayasaği nı iptal ettiğini açıkladığında ben temsili httpstcoxezrvaeh,39
 erkanakbayr sokağacikmayasaği dikkatle inceleniyor vardan dönerek iptal oluyor dk herkez şaşkın httpstcoqauholnn,39
 burakbeymh vatandaşın derdi delenen kaale alan hani almazalmazdiktatör haniüzüntüsü hüzünlenen bir cumhurbaşkanı,35
tcomtr son demokrat pai zamanında rahat rahat dışarı çıkabiliyordu millet iyi oldu sokağacikmayasaği,33
 aksoyfurkan devletin organları birbirinden habersiz mi kararlar tek kafadan çıkıyor çift başlı tutumlar son zamanda,30
 zerqddt sokağacikmayasaği henüz gün bitmedi fazla program yapmayın,29
 valibilmez kıymetli hemşehrilerim sayın cumhurbaşkanımız erdoganın kararıyla haftasonu uygulanacak olan sokağacikmayasaği kaldı,27
 ay_moon_ay yasak kararını alan sağlık bakanının haberi yok bilim kurulunun haberi yok halkın zaten haberi yok kararı alan cumh,27
 avdenizyucel koskoca cumhurbaşkanı darbe girişimini eniştesinden öğrenmişken bizim sokağa çıkma yasağının yasaklandığını twitterdan,26
 optimiissttt yasak değil mi bi karar verin sokağacikmayasaği,26
 aksoyfurkan karışık duygular içerisindeyiz sokağacikmayasaği teşekkürlererdoğan cumhurbaşkanı erdoğan hayırlıcumalar okuyun,26
 ince_genclik muharrem inceden hükümete sokağa çıkma yasağı eleştirisi akliniz yerinde mi cumhurbaşkanı erdoğan sokağacikmayas,24
 kuksalih sağlık bakanı sokağacikmayasaği yok dedi içişleri bakanlığı var dedi erdoğan iptal ettim dedi ülkedeğilpanayır,24
 wtfderin sokağa çıkma yasağı iptal edilmiş sokağacikmayasaği httpstcotqhutubai,24
elma dersem çık armut dersem çıkma sokağacikmayasaği,22
 canerkara eskiden hükümetler yıllık kalkınma planı açıklardı gavur devletlerin yıllık programlarını örnek göste,21
 hulyahulyaeser önce bi normalleşin dediler baktılar normal karşılandı bunu biraz anormalleştirelim kararı aldılar normalleşmeyi a,18
yeni video yayında şahan gökbakardan evdekal tiplemeleri sahangokbakar sokağacikmayasaği aleynacakır httpstcoosdpndkibk,17
 turna_m_ay altüst oldu psikolojimiz hastalıktan değil anlamsz kararsızlıklarınzdan sizin çocuk oyuncağndan farksz olan,16
dün ilan edilip gün iptal edilen sokağacikmayasaği y la ilgili düşünceniz nedir,16
neyseki koalisyonla yönetilmiyoruzda başlılık olmuyorsokağacikmayasaği,16
elma dersem çık armut dersem çıkma iptal sokağacikmayasaği,16
ben zaten düzcedeyim bize yasak gelmedi sokağacikmayasaği,16
 _gkcn__ yine virüsu şaşımacalı müthiş kararlar alınıyor sokağacikmayasaği,16
virüsü karşımıza alıp insan konuşmayı denesek böyle yapıyosun senin anana bacına bulaşsalar iyi mi httpstcomtllasky,16
üveys zikrini yapan on binlerce kardeşimizin zikre başladığında hayatında nekadar güzelliklerlütuflar yaşadığı httpstcoytpvfvivv,16
 ahmtcbkl devlet yönetme ciddiyetle yapılacak bir iştirbir kurumun aldığı karar önce istişare edilir aonra açıklanır yoksa devletcidd,16
erken yaşta evliliğe karşı çıkanların çocuklarıtorunları izmirde erken yaşta grup yapmış avrupada bile yaşl httpstcoryfzcgxmr,16
sokağacikmayasaği gir çık gir çık amına kodumu,16
hükümet aık taşşak geçiyor sokağacikmayasaği,16
aksam canim yasak istedi sabah istemedi iptal kararı aldim sokağacikmayasaği httpstcoqkijeqi,16
yeter anasını satayım var yok bir karar verin sokağacikmayasaği,16
karar alırken e gibiyim sokağaçikmayasaği httpstcomlyhyuxjq,16
 gokhanbozku sağlık bakanısokağa çıkma yasağı yok dedikten sonra sokağa çıkma yasağını adalet bakanıavukatlık yasası çalışması,16
 arzusaylam sokağa çık sokağa çıkma troller şaşırdı hangisini alkışlasın sokağacikmayasaği,16
sokağacikmayasaği bence gün kapa herkesi eve bitsin mikrop ciddiyim yunanistan öyle yaptı ölü ge httpstcoywcabema,16
 yakupsahin sokağacikmayasaği iptal edilmesi birlikte yüz koyun çoban konusu kesinleşti tesbitimin altına yetkililer yasağı,16
sokağacikmayasaği iptal kolonya cumhuriyetinin kararları bile tutarlıydı httpstcopbzlkvt,16
 yasminbjk ilde açıklanan sokağa çıkma yasağı vatandaşlardan gelen yoğun istek üzerine kaldırılmış gözlerim doldu vatandaş,15
bakın gösteri ilkokul müsameresinde olsa yine izlenmez size gerçekten gülüyoruz teşekkürlererdoğan sokağacikmayasaği,15
akşam yasak var tweet atarlar yormayın kendinizi akşama saklayın sokağacikmayasagi,15
bilim kurulu sokağa çıkma yasağını önerdiiçişleri bakanlığı sokağa çıkma yasağı ilan etticumhurbaşkanı çıkıp içi httpstcocubihrwmo,15
bir varmış bir yokmuş sokağacikmayasaği,15
erzak aldık aq sokağacikmayasaği httpstcoaaxfbcsze,15
birileri bizimle pi tsk geçiyor sokağacikmayasaği iptal,15
devlet işi ciddiyet ister çocuk oyuncağı değil işler danışmanar para içişleri bakanı süleyman soylu is httpstcojltzcqjnl,15
şaka yaptım şaka şaka sokağacikmayasaği,15
gün içinde aniden sokağa çıkma yasağı ilan edip milletin sağa sola kaçışmasını izleyerek bunu eğlenceli hal httpstcolwxdjxpwhl,15
bilim kuruluna saygi yok istifa edin sokağacikmayasaği,15
gece sokağa çıkma yasağı geldi sabah yasak iptal edildi ağam eğleniyy bizimle sokağacikmayasaği httpstcojmjpdvpl,15
ağam eğlenir vatandaşla sokağacikmayasaği,15
eee var dendiiiğğğğ sokağacikmayasaği,15
gokhanozoguz elma dersem çık armut dersem çıkma elmaaaaa çık sokağacikmayasaği iptal kararı aldım,15
arkadaşlar haftasonu evinizden fazla uzaklaşmayın sakın bilim dışarıdayken birden karar değiştirip yeniden httpstcowcngjakxu,15
elma dersem çııık armut dersem çıkmaaa sokağacikmayasaği httpstcoqrxgqxuog,15
elma dersem çık armut dersem çıkma sjsjshsh sokağacikmayasaği,15
arkadaşdevletin önemli kurumlarından olan iç işleri aldığı yanlış sokağacikmayasaği ülkenin cumhurbaşkanı tara httpstcozbxuyl,15
şimdi ben dışarı çıktım çıktım çıktım bunu izaha gerek yok gördünüz yürüdüm çıktım çıkmam httpstcoogcrlhlh,15
sokağacikmayasaği şahsım şahsın yedi ceddini,15
önce sokağa çıkma yasağı virüsü afallattık sonra şaak yasağı iptal ederek şok yaşattık gün kendine gel httpstcomdgjpqwz,15
sokağacikmayasaği yasaklar iptal edildi httpstcoxugtotjz,15
 __sanane____ ben bosuna demiyorum coronayı deliiriz abi maraş dondurması kendimizi kapıdan gösterip gösterip kaçıcaz ark,15
karşı bakkaldan iki ekmek yarım kilo zeytin almamda müsadeniz var mıdır asrın liderimizsokağacikmayasaği,15
son dakika aldigim bilgilere göre covid un sadece hafta sonu değil çalıştığını öğrenmiş bulunuyorum maales httpstcoqtqfsglfl,15
son durum nedir sokağacikmayasaği,15
son kararınız dimi sokağacikmayasaği httpstcocndcbygq,15
süleyman sen napıyon an şimdi bileyim kuru fasulyenin bir türlü pişmediğini mi düşünüyonsokağacikmayasaği,15
 bulentuslu sokağacikmayasaği iptal edildi hayırlı olsun,15
ülkemizde sokağacikmayasaği var ülkemizde yasak yokmilletin başi döndü,15
vaka sayıları in altında yasak ilan etmemek nedir sokağacikmayasaği,15
vatandaşı dinleyesileri tuttu sokağacikmayasaği,15
 barankk aylarca durdurulan sistemde insanlar hafta sonunu kapsayan şehir dışı planları yaptı birçok kişi şehir dışında otobüs uçak,15
virüs gece geldi sabah gitti anlaşılan hayirlicumalar sokağacikmayasaği coronavirus,15
 ayla_ lütfen maskelerinizi düzgün takın sokağacikmayasaği httpstcobkxghourp,15
yapılan var incelemesinde hakem devam kararı verdi sokağa çıkma yasağı iptal sokağaçikmayasaği,15
yeniakit ehliyetaffı istiyoruz salgin varrr sokağacikmayasaği dünyaçevregünü elephantdeath httpstcozbjafytjo,15
yesnt haftasonu platformlarda sokağacikmayasaği httpstcoeihwqgs,15
zekibahce sokağacikmayasaği verilmiştir real büyüksün ülkeyi tehlikeden koruyor sokağacikmayasağiiptal edilmi httpstcozscsjqqmk,15
çohhheğlenyoooğğz sokağacikmayasaği,15
 ehlikeyf__ perşembe sağlık bakanı hafta sonu sokağa çıkma yasağı yok cuma sabahiç işler bakanı hafta sonu sokağa çıkma yasa,15
 elifkrmk kafelerin avmlerin kadar dolması bi haftadır normalleşme denizin sokakların maske eldiven kirletilmesi,15
sokağacikmayasaği sebze meyve dışında pazar yerleri açılmalı aık,15
 hayriituncc gece tam önce tek ayağımı bir olmazsa iki ayağımı onlara bir olmazsa tamamen kendimi sokağa çıkaac,15
real modeme re attı sokağacikmayasaği,15
 omerrbaserr elma dersem çık armut dersem çıkma sokağacikmayasaği,15
 o_r_h_a_n_n emeklilikteyașatakılanlar sokağacikmayasaği bizmi geri zekaliyiz dalgamı geçiyorlar lan arkadaş çocuk oyuncağımı,15
sayın bakan yine istifa edecek mi sokağacikmayasaği,15
sağlık bakanı açıklamasında sokağa çıkma yasağı düşünmüyoruz gerekli görülürse yapabiliriz dedi bitti bir httpstcovkbpyovtmf,15
 muthiskapak yasakları yasaklayan cumhurbaşkanı erdoğana bir diktatör diyenin ağzına kürekle vururum sokağacikmayasaği teşekk,15
 mumine_fv sokağacikmayasaği yasak yok şaka şaka yasak var kandirdik yasak yok durum httpstcotrkzimfy,15
 mepostif bir bilim kurulu üyesi hekim olarak kararların sorumluluğu altına giremem yarın ilk iş olarak kuruldan istifa edeceği,15
 kumtemir_ahmet fahrettin koca sokağa çıkma yasağı yok içişleri bakanlığı hayır var erdoğan iptal ettim aık yok sokağacikm,15
 kirmizi_capul yinede dikkatli olun millet geceye var yasağın iptalini iptal edebilirler sokağacikmayasaği,15
caracal vaşağa benzese tamamen farklı bir türdür anadoluda görülen hayvanın isminin kökeninin türkçe httpstcosxrnazv,15
sokağacikmayasaği akşama doğru tekrar gelirse getirecek olan herkese ben tekrar tekrar şimdiden teşekkür ederi httpstcoerdagh,15
 izmirdeyince karar verdim hafta sonu yasağı kaldırdım takılın kafaniza göre millet sokağacikmayasaği,15
sokağacikmayasaği covid şuanda şok yaşıyor,15
 issizakademik bir mantığı var bilemediğimiz bir yasak insanlar hafta içi kafelere avmlere gidiyor ailemizi görmeye gidem,15
 ikotosu iptal olmuş son kararınızmı sokağacikmayasaği,15
şaka son durum yeni genelge yayınlandımı sokağacikmayasaği,15
 _tek_millet gencim yakışıklıyım hızlıyım çekiciyim yenilmezim diyen yüzyılın sporcusu unvanına sahip ol,15
birde yönden düşünün sokağacikmayasaği httpstcoyxodiqblls,14
büyükşehir zonguldakta sokağacikmayasaği iptal edilmiş ağam eğleniiir bizimle,14
 telecomtr erdoğanın kararına tepkiler çığ troller alkışlayacak korkuyorlar yeniden değişirse sokağacikmayasaği,14
 abdulkadir coronavirusün bilinmeyen özellikleri haftasonu bulaşıyor haftaiçi bulaşmıyor camilerde bulaşıyor avm pttlerd,14
barisyarkadas yine istifa eder twitter dan twet le istifa etmek sonra vazgeçmek trend bir gece kaftancıo httpstcoxkatpksn,14
ağam eğlenir bizimle sokağacikmayasaği,14
almanya ispanya fransa şahsım sokağacikmayasaği,14
 huseyindogan_tr erzak aldık aq sokağacikmayasaği httpstcoaaxfbcsze,14
 sakrettinamca reyis sokağa çikma yasağini geri iptal etti yine pirogram yapmayin avrupa insan haklari mahkemesi geri ka,14
canim sikildi sokağacikmayasaği ni iptal ettim,14
bir bilmecem var çocuklar haydi sor sor sokağacikmayasaği,14
çıkmadan önce son duruma bakıp ona göre çıkın bunların ego savaşlarında kimi şaapar belli olmaz an httpstcollsqqdde,14
yayılma grafiği gezmeye gidilen yerlerde bir yok gezmeye gitmeyi fotoğraf paylaşmayı iş sanan yerlerde risk httpstcoqwlfood,14
sokağacikmayasaği var yola çıkanlar iptal edildiğinden habersizce yollarda trafiğin bir ucu neredeyse sulta httpstcovnsrdfe,14
işi gücü olanlar güzel bir karar burada başkasının verdiği karara saygısızlık yada yok saymak bir olay sö httpstcobjfukqv,14
milletin isyanını seçim zamanı görürüz umarım görürüz bir şeyler değişir mi aık ülkemizde ağ httpstcojujqdeqow,14
muslimgunduz chp kuruluşu hedefi kadroları itibariyla bir pai değil yeni bir dindir kemalizm dinidir islam httpstcoxieemotthh,14
sokağacikmayasaği sokağa çıkma yasağı aık kalktı dendi helal olsun dediler saat sonra geri geldi yine httpstcoswhcbhidl,14
ozlemgurses ehliyetaffı istiyoruz salgin varrr sokağacikmayasaği dünyaçevregünü elephantdeath httpstcogtxxdihwsu,14
troller tekrar ters köşe olmamak içinderin bir sessizlik içindesokağacikmayasaği,14
restini gördüm yasağı kaldırdım süleyman bende a var sokağacikmayasaği httpstcogstozrcs,14
iptal oldu covid sevindi sokağacikmayasaği,14
iptal edilmiş hangi burç olduğunu söylememe gerek yok heraldesokağacikmayasaği,14
sokağa çıkacakların bir kulağı an gelebilecek yasakta olmalı sokağacikmayasaği,14
güldürmedi sokağacikmayasaği,14
sokağa çıkma yasağını eniştemden duydum sokağacikmayasaği,14
elma derseniz çıkarım armut derseniz çıkmam sokağacikmayasaği,14
sokağa çıkıp eylem yapasım var nedir sağlıktan bahsediyoruz kaç bin tane insan öldü yasağın kaldırılması httpstcovzgfpvwv,14
dün ilde sokağa çıkma var doğru bir karar bugün ilde sokağa çıkma yasağı yasak ee doğru bir karar sokağacikmayasaği,14
sokağacikmayasaği anlık halk httpstcokbjnauswvh,14
hurriyet ehliyetaffı istiyoruz salgin varrr sokağacikmayasaği dünyaçevregünü elephantdeath httpstcorwbksvv,14
yazı tura atalım yada mavi kutuyu açalım sokağacikmayasaği,14
güzel bir gündem çalışması emeği geçenlere teşekkürler önce sokağacikmayasaği sonra iptal,14
sokağacikmayasaği eğleniyor muyuz gençler,14
ulan milyona yakın tweet attık görmezden gelindi millet gün sitem etti yasak kalktı öğrencile httpstcovnuyxgtg,14
sokağacikmayasaği gece yasağın tekrar geleceğini düşünüyorum hadi bakalım,14
sokağacikmayasaği ilgili değişiklik üzerinden yine polemik yaratacak olanlara şimdiden söylüyorum boşuna kirl httpstcojudzkwpict,14
uzun uğraşlar müzakereler sonucunda korona virüsü oturulup konuşulmuş ikna edilmiştir cumaesi pazar k httpstcogrjaehbhs,14
kalktı sokağacikmayasaği,14
kadar gayrı ciddiyet karışısında ciddiyetle karşılık vermek mi vermemek mi gerekir sayın büyükler gönlünüz el httpstcoiwwmuy,13
inanılmaz ölçüsüz cezalar veren vuk kısa sürede değişmelidir sn beratalbayrak tbmmgenelkurulu httpstconhsjyett,13
insanlara göz göre göre kalp krizi geçien ihmaller dolu sistemi personeli alkışlamıyorumen onlar kada httpstcoezoutyewxu,13
hırs başta karar eyleyince akıl baştan firar eder sokağaçikmayasaği,13
 politikaloji erdoğan gece yarısı yayımlanan son dakika genelgesiyle getirilen sokağa çıkma yasağının iptal edildiğini açıkladı son,13
kendim sokağa çıkma yasağı getirmiş olabilir şahsım olarak bunu kabul etmiyor iptal ediyorum sokağacikmayasaği,13
kolonya cumhuriyeti bi film vardı tamamen ona döndük sokağacikmayasaği,13
abone olursaniz sevinirim şimdiden teşekkürler hayirlicumalar dunyacevregunu sokağacikmayasaği filmonerisi httpstcorzxgwmnomh,13
 obirbiyonikadam yine plansızca alınan bir sokağacikmayasaği ardından gelen iptal şaşırmadım,13
veriler bilim sosyalleşmeyin diyor sağlığınız sokakta olmamanız lazım karıştı topa httpstcofxzohmyt,13
 mottohaber sondakika cumhurbaşkanı tarafından getirilen sokağa çıkma yasağı recep tayyip erdoğan tarafından kaldırıldı cuma sokağ,13
 mehmetesk büyükşehir zonguldak dalga geçen diğer illerde sokağacikmayasaği ilan edilsin,13
sokağacikmayasaği ahanda yeni açiklama tekrar sokak yasaği gelmiş,13
sokağacikmayasaği ağam bizimle eğlenii,13
sokağacikmayasaği ağam eğlenir bizimle iptal httpstcoyhdokowef,13
yinede gece ye kadar bekleyin an değişebilir böyle aksiyon yaşatan bir hükümet geldimi ülkey httpstcokvlaiatsb,13
sokağacikmayasaği yasaklandı,13
 hilosii sokağacikmayasaği iptal twit kadar,13
ağam bizimle eyleniiirrr sokağacikmayasaği iptal,13
bi karar verin hafta sonu sokağa cikalimmi cikmayalimmi sokağacikmayasaği,13
şahsım country korona virüsü yendi sokağacikmayasaği,13
 aksoyfurkan tabi kambersiz düğün olmazmış troll arkadaşlar hemen toplanıp görevlerini icra etttiler halkı şekilde tesel,13
bir bilim kurulu üyesi hekim olarak kararların sorumluluğu altına giremem yarın ilk iş olarak kuruldan istifa httpstcojikmfbdoli,13
gönlü razı olmadı bilimsellikten öleceğiz sokağacikmayasaği,13
dün gece cumaesi pazar sokağa çıkış yasağı sabah itibarıyla kaltı yeniden ayarlamalarınızı yapın randevuların httpstcomdxajjzcmb,13
sokağacikmayasaği şeye benzemiyor bak yazılı başladı sözlüye karar verdi hababam sınıfı,13
 hakan chpli gürsel tekin milletvekili transferini aşağılıkça buluyorum öyle bir sistem var buna sebeb oluyor,12
çıkalım çıkmayalım sokağacikmayasaği httpstcoikzhnaf,12
ettim sokağacikmayasaği,12
 fitelve gir içeri gir haftada sokağacikmayasaği var hayırlıcumalar httpstcoqicbkxbef,12
 oldlaikdays yapacağı belli olmaz bak yazılı başladı sözlüye karar verdi sokağacikmayasaği httpstcofkbvrycz,12
 fergin fahrettin koca yasak yok dedi koca arası açık olan süleyman soylu kendi başına yasak ilan etti ardından erdoğan yasa,12
recepin çıkatığı yasağa tayyip itiraz etti bakalım erdoğan diyecek sokağacikmayasaği iptal,12
akpde büyük gruplaşma damatsoylu soylu göz kırpmstı istifasıyla damat tarafı ifşa etmişti kendini soylu httpstcopfhuxjdwk,12
 esma_fb_ vurduğun çekmece babanın malı değildevlet malı haram olsun sokağacikmayasaği meclisteteroerististemiyoruz http,12
sokağacikmayasaği kalktı,12
adamın iki dudağına baksak azından istediğimizi yapiyor bir sokağacikmayasaği,12
bilim insani düsündü siyasetçi oyu ozeti sokağacikmayasaği,12
 halim_ylmaz kendini bilmez biliyor musunuz chp genel başkan yardımcısı yıldırım kaya milletin meclisinde milletin malını kırı,12
 begefermanolmaz karar verin ateş yanacak yanmayacak sokağacikmayasaği httpstcoccnwjb,12
bir kere olsun bir kararınızı düşünerek alın diyeceğim yaradılışınıza aykırı sanırım düşünmek sokağacikmayasaği,12
 kacsatolduturk sağlık bakanı sokağa çıkma yasağının kaldırıldığını duyuralı gün içişleri bakanlığı ilde hafta sonu sokağa çıkm,12
devlet cemaat tarikat aklı kültürü yönetilince anca kadar oluyor idare edin aık sizde sokağacikmayasaği,12
 harun_tekin bir başkasının yaşantısıdır dönüp arkamıza baksak yaşadıklarımız başkasının yargısına tutsak su yasak rüzgar yasak,12
büyükşehirlerde toplutaşım araçlarının sayıları azaltılarakvirüsün bulaşmasına adeta davetiye çıkaılıyor tedbi httpstcogfpvbvwxs,12
sokağacikmayasaği hakkında bir diyemiyorum silivri yazın yanıyordur,12
cumhurbaşkanımız sokağa çıkma yasağında halkının yanında olmayı tercih etti yasağı kaldırdı milletin adami rei httpstcowvaitirh,12
sokağacikmayasaği iptal öyle bir feyk attık covida neye uğradığını şaşırdı çoktan ümidi kesip baş httpstcodpswxcp,12
sokağacikmayasaği iptal edildi coronalarınıza sahip çıkın kimseye bulaştırmayın,12
 hk recep in çarşamba günü ilan ettiği haftasonu sokağa çıkma yasağı olmayacak bilgisini perşembe günü haftasonu sokağa çıkmak y,12
 safderun padişahım yaşa sokağacikmayasaği,12
recepin çıkatığı yasağa tayyip itiraz etti bakalım erdoğan diyecek sokağacikmayasaği,12
kadar fesat gerizekalı insan varsa yarın saat içinde gine holadı lan varya nekadar vatan hainisiniz sizin httpstcoxarwgsnvh,12
harbi diyorum yeminle fena taşşak geçiyorlar gönül gözü sokağacikmayasaği,12
kızdı haliniz varsa görün dedi sokağacikmayasaği,12
iptal etme kararı aldım aldım aldım aldım söyleyeceklerim kadar dağılın sokağacikmayasaği,12
sokağacikmayasaği iptal hafta içi kahvehaneler avm ler açıkken tehlikeli gün yasakiken gün serbest httpstcodlsmuymk,12
sokağacikmayasaği sonra gözlerini kaçırarak kimsenin duyamayacağı bir s tonuyla nereden düştüm manyakl httpstcohtejyueq,12
 skyhan şaka ülke dün gece hafta sonu ilde ilan edilen sokağa çıkma yasağı cumhurbaşkanı erdoğanın talimatıyla kaldırı,12
sokağacikmayasağinı yasaklayan tek ülke olarak tarihe geçtik dünya bizi kıskanıya,12
sokağacikmayasaği vizyonsuz misyonsuz plansız programasız adamların keyfi düüsel hareketleri,12
bak hele bak cambazlara bak küçücük akıllarıyla fitne ateşi yakmaya çalışıyorlar la süleyman soylu yer mi numar httpstcofrfdihkg,12
virüsün beyni yandı sokağacikmayasaği,12
sokağacikmayasaği çift cevap joker hakkınızı kullanmak istiyorsunuz httpstcoeahmeu,12
 dilekoksuzok sokağacikmayasaği gerekli değil miydi gerekli değilse kondu coronavirus mi bitti insanların sağlığına verilen,12
içerdemiyiz sokağacikmayasaği,12
 sessiz_iz evde kalan erkeklerin isyanına kadınların tepkisi sokağacikmayasaği httpstcounmopzzul,12
mizahsız bir gün geçmiyor güzel ülkemde sokağacikmayasaği,12
insan ibrettir alıcısı yok sokağacikmayasaği,11
sokağacikmayasaği şimdi napıyoruz sokağa çıkıyormuyuz çıkmıyormuyuzz değerli büyüklerimiz neye karar verdi hızırmı yunusmu,11
çocuğun eline ülke vermişler oynuyo oyna devam sokağacikmayasaği,11
sokağacikmayasaği konu yasağın olmasi olmamasi değil devlet bir karar verir herkes buna uyar burada öne httpstcopwygpluy,11
 hande_gulbahar hafta sonu sokağa çıkma yasağı doğruydu yasağın kaldırılması doğru tekrar yasaklanırsa doğru olur soka,11
başımıza virüs geçti amk sokağacikmayasaği,11
sokağa çıkmak serbestnasıl bir ülke olduk anlamak mümkün değil sokağacikmayasaği,11
drfahrettinkoca sokağa çıkma yasağı yok aynı akşam suleymansoylu sokağa çıkma yasağı var diyor bugü httpstcodovelaw,11
akşam yasaklarim sabah kaldırırım kime sokağacikmayasaği httpstcoofdodiw,11
bursada polis memuru şehit olmuştu flaş gelişme httpstcohxupinyt sokağaçikmayasaği cuma httpstcosvqswevq,11
vallaha agam eglenir bizimle sokağacikmayasaği httpstcoztohbfug,11
 prfmuratkaraman sokağacikmayasaği iptal edildi tarz toplumsal kararlar sağlam bir devlet ciddiyeti iyi bir süreç yöneti,11
hiçbir olmasa bir seyler oldu sokağacikmayasaği,11
sokağacikmayasaği halısaha maçı dewamkeee,11
sokağacikmayasaği ilan etmiyoruz hayır ediyoruz hayır etmiyorum,11
olması bile komikti zaten kararların alındığını görmüş olduk karantinaya devam sokağacikmayasaği,11
olanları ağızımız açık izlemekten yoruldukdengesiz davranışlarda ikizleri geçtiniz sokağacikmayasaği,11
virüs iptal arkadaşlar sokağacikmayasaği,11
bir yönetim politikası olarak minareden at beni in aşağı tut beni sokağacikmayasaği,10
 karaeryasemin işte demokrasi işte sosyal medyanın gücü sokağacikmayasaği iptal edildi,10
ağam bizimle eğlenir sokağacikmayasaği,10
kararlar alınıyor kararlar aldım diyerek iptal ediliyor noluyor padişahlığın ilk beliileri falan i httpstcolxtxrjjdv,10
ulan beeee kafalar yaşanıyor ülkede dakika yaşasam teemiz yeniden doğarimsokağacikmayasaği,10
 dz_erk il dün alınan haftasonu sokağacikmayasaği bugün cb erdoğan tarafından iptal edildi an itibari sokağa çıkma,10
 arzusaylam devlet yönetimi ancak kadar iyi yapılıriki gün önce sokağa çıkmak bilim kurulu tavsiyesinde yokdün gece yarısı içişler,10
sokağa çıkma yasağını duyup planlarımı eelemişim yasak iptal olmuştur sokağacikmayasaği httpstcoweakqmsq,10
 rahatsizzadam arkadaşlar bilmediğiniz şeyler var şimdi tam gece yarısına dakika kala reyis şakkadanak yeniden sokağa çıkma yasağı,9
 zeynep_korkmz real vara giderek sokağacikmayasaği nı iptal ettirdi,9
 serifecengiz birazdan il çıkıyor gerisine yasak derse şaşmayın haa herşeye hazırlıklı olmak gerek sokağacikmayasaği,9
halk hak ettiği şekilde yönetilir kadar kötüsünü kibirlisini hak etmiyoruz etmemeliyiz httpstcozdfoqaqkh,9
gündem güzel değiştiriliyor oh be sokağacikmayasaği,9
sokağacikmayasaği sağlık bakanı sokağa çıkma yasağı düşünmüyoruz içişleri bakanı haftasonu ilde sokağa ç httpstcoxiofcgngpr,9
pelikan hilal_kaplan hacivat sakallı bohça kafalı trolleri sarılmış klavyelere yine teşekkürlererdoğan httpstcobugrerfmg,9
sokağacikmayasaği haftasonu manite izin veriyorum httpstcovildgnqia,9
başkanlık sistemi güzel sen gel recep tayyip erdoğan sokağa çıkma yasağını iptal etme kararı aldım sokağacikmayasaği,9
gün icinde aniden sokağa çıkma yasağı ilan edip millet sağa sola kaçışırken izlemekte güzel olur sokağacikmayasaği,9
yine kalktı sokağacikmayasaği,9
anlam verilemeyen şeyler oluyor virüs şaşkın şaşkın sokağacikmayasaği,9
saray bakanın sokağacikmayasaği getirmesini bekledi bakan saraydan farklı bir talimat gelmediği haftasonu httpstcodnthmlpx,9
serbest sokağa çıkmak pikniğe gitmek zorunda değilsiniz sokağacikmayasaği,9
benim can lım reisim milletin talebine sesine kulak verdi sokağa çıkma yasağı iptal edildi kıymetli milletimizd httpstcoytbbanwcr,9
neyse padişah sultan tayyip iptal etti padişahımız bizi düşünüyor istiyirsiz nomissizler sokağacikmayasaği,9
sokağacikmayasağinın iptalinin iptali iptal edildi,9
terazi burcu olarak devletimizin yanındayız aynı bize benziyorlar sokağacikmayasaği,8
reyizzz be şimdi yine sokağa çıkmayı şakkadanak tekrar yasakla corona virüs şoktan şoka girsin defolsun ülkeden sokağacikmayasaği,8
 berildeniz sağlık bakanı dışarı çıkma yasağı olmayacak içişleri bakanı hafta sonu dışarı çıkma yasağı olacak erdoğan yasakları,8
bir başka ülke vatandaşına gel anlat canım memleketimde yaşandığını mümkün değil anlatamazsın kelimeler httpstcozrvsapah,8
halk hak ettiği şekilde yönetilir kadar kötüsünü kibirlisini hak etmiyoruz etmemeliyiz sokağacikmayasaği yönetemiyorsunuz,8
iş buldum vazgeçtim iş bulmadım kafayı yedim herhalde sokağacikmayasaği,8
ülkenin geldiği son nokta işde yasak sabah yola koyulduk yarı yolda yasak iptal dediler aç kapa aema olduk sokağacikmayasaği,8
 sluleci cumhurbaşkanı erdoğan tarafından büyükşehir zonguldakta yasak iptal edildi sokağacikmayasaği httpstcoagkzocc,8
saat yine yasak getir akşam şaak iptal et virüs bi şaşırsın oluyor desin sokağacikmayasaği,8
 muhammedvarma hafta sonu plan yapanlara gelsinsokağacikmayasaği httpstcoeadyqtxic,8
 kralcohh abi sokağacikmayasaği iptal olmuş vakalarda aış var la boşver oğlum devletten iyimi bilisen httpstcozfuvgukm,8
sokağa çıkmayı yasaklıyorum bende kaldırıyorum hayır yasak çıkamazsınız hayır yasak masak yok httpstcoxcdwmeynuw,8
saat a kadar çıkmıcazmışız davranın baktınız açıklama yok atın kendinizi yollara sokağacikmayasaği,7
cumhurbaşkanı erdoğan süleyman soyluyu harcayacagim türk milletinin sağlığı oynuyor bir iside düzgün yap httpstcozncugtzdj,7
 volkaneliacik elma dersem çık armut dersem çıkma elmaaaaa çık sokağacikmayasaği iptal kararı aldım,7
gece sokağaçıkmakısıtlaması sabah sokağaçıkmakısıtlamasınınkısıtlanması öğleden sonra httpstcohwxsyxb,7
 akbasmarkt sokağacikmayasaği iptal edildi yinede dikkat edin mecbur kalmayınca çıkmayın maskesiz çıkmayın sosyal mesafeyi,7
 oztmikdat sokağa çıkma yasağı iptal edilmiş sokağacikmayasaği httpstconhfiujhw,6
sokağacikmayasaği kenan doğulu yüreğim bana karşı çıktı karışmam iş beni aştı olan oldu ateşini yaktı yine aklım karıştı,6
var inceledi karar iptal sokağacikmayasaği,6
taş üstüne taş baş üstüne baş komam böyle biline sokağacikmayasaği,6
normalleşme sürecinde evde sıkıldığınız avm kafe kalabalığın temasın fazla olduğu bir yere gidiyo httpstcoerhxoeq,6
erdogan sabahtan akşama kararın değişmesi kadar yanlış kararlar aldığınızın kanıtıdır size tek başına karar httpstcogdavdsp,6
sayın drfahrettinkoca önce haftasonu sokağacikmayasaği olmayacağını sonra içişleri bakanlığı şehirde sokağ httpstcohffygs,6
virüsü böyle kandırarak yok edicez salaklayıp pe edicek sokağacikmayasaği,5
derece güneş in altında taş zeminde namaz kılıyor millet belediye işe bir çözüm bulmalıdır cumanamazı httpstcopczcfmee,5
başkancumhurbaşkanı güzellemelerini okuyunca kusmak istiyorumo bizim doğru kararı vermek zorunda olan httpstconatbztc,5
 __panzehir_____ yasak yok yasak var yasak yok başkalarını yönetmek isteyen insan şeyden önce kendisinin ustası olmalıdır dem,5
kaanmete şahsım kendini güçlü göstermek planladı oyunu önce kendi yaptıkları termik santral yas httpstcohlzsnvztf,5
gönlüm razı olmadı gönüle göre ülke yönetmek sokağacikmayasaği,5
 ziya__ dün içişleri bakanlığı bugün cumhurbaşkanlığı sokağacikmayasaği iptal httpstconnotulzn,5
 huriyek sokağacikmayasaği olmasada dikkatli olun lutfeeeen lutfeeen herşeyin normale dönmesi erken henüz h,5
oyuncak ettiniz bi karar verinn sokağacikmayasaği,5
 gamzeilgezdi temsilde adalet devlette liyakat oadan kalkınca keyfiyet yönetim biçimi oldu bugün türkiye yönetilmiyor savruluyor,5
zaman geleceği belli olmayan çılgın sonkararınmı sokagacikmayasagi,5
sokağa çıkılsın çıkılmasın çıkılsın çıkılmasın sokağacikmayasaği httpstcomshlrywsed,5
ağam eğleniyi bizle sokağacikmayasaği,4
 dedektifpipo vefalı virüs dediğin böyle olur haftaiçi izin haftasonu çalışıyor saat a kadar izinli avmler bulaşma alanı değ,4
banka mevduatları milyar azaldı altın rekora gidecek yoksul mahallelere ekmek dağıtımını akp engelliy httpstcocvchjqswy,4
oktaydogan sokağacikmayasaği hakkaten şaka,4
teşekkürlererdoğan büyük lidersin türlü kararında yanındayız sokağa çıkabilsek sokağacikmayasaği olsa httpstcolqszxcjw,4
türkiye aık bakanlıkların milletvekillerinin bir yetkisi yok saraydan gelen kararlar twitter tepki httpstcoanvfneax,4
 gkhnkhrman son dakika hafta sonu sokağa çıkma yasağı cumhurbaşkanımız tarafından iptal edildi cumaesi pazar sokağa çıkma yas,4
sokağacikmayasaği dün yasak uygulanmayacak dedim sabah sokağa çıkmama kararı verdim öğlen sokağa çıkmama httpstcorelzhddi,4
yine kandırıldık sokağacikmayasaği,4
 naltintas sokağacikmayasaği açıklandı kişiler itiraz ettiler eve kapanmak istemiyoruz dediler cumhurbaşkanı erdogan a te,3
vaka sayıları yükselince umarım hepinizin gönlü razı olur ozamanda halkı suçlamayın virüs bitmiş sayılmaz am httpstcoeakefez,3
sokağacikmayasaği sokaga amcik yasagi okudum,3
 harun_tekin başlar ay doğarken saltanatı sultanı yegahın attila ilhan sokağacikmayasaği,3
 muslimgunduz chp kuruluşu hedefi kadroları itibariyla bir pai değil yeni bir dindir kemalizm dinidir islam dinini oadan kaldı,3
haftaiçi doldurulan kafelerin haftasonu boş bırakılması kimseyi kuarmazdı zaten arkadaşlar aydır evden çalışıy httpstcoraqybtml,3
ayosofya ilk namaz kilindiği gün kemalizimin bitişinin başladiği gün olacak teşekkürlererdoğan httpstcoitklofgssl,3
şahsım milletim adına iptal ettim sokağacikmayasaği,3
öpülmüş yanağın davası olmaz günenotum sokağacikmayasaği sokağacikmayasağiiptal,2
 alpaslankunt içişleri bakanlığının kararnamesi sokağacikmayasaği geldi cumhurbaşkanı erdoğan ın twitiyle kalktı yine em,2
 __erayakar akşam sokağa çıkma kararı verdim öğlen sokağa çıkma yasağını iptal kararı verdim yinede program yapmayın,2
yasak oldu yosok olmosoooon yasak kalktı korono yoyolocoook sokağacikmayasaği,2
sokağacikmayasaği dakika doksan dan sonra gelen gol,2
dün milletin iradesi yok sayıp mıllet vekillerini düşürenler smdı cb halkı dinlemiş yasagı kaldırmış dıyor allah httpstcopyaqzhmiig,2
ağam bizimle eğleni sokağacikmayasaği httpstcofkslqjbhz,2
cumhurbaşkanı erdoğan agah beyoğlu sokağacikmayasaği lgbt elephantdeath askereeziyet avutsunbahaneler ağam httpstcooclmpjkvb,2
 c_fkcff bir birinden haberi olmayan hükümet ülkeyi saldılar çayıra mevlam kayıra akp ülkeyi yönetiyor protestoediyorum sokağacik,2
 frdvsy taktik bunlar koronayı şapşiğe çevirdik yakında usanıp terkeder bizi sokağacikmayasaği varyok,1
sokağacikmayasaği iptal olmus insallah son dakika yine bi degisiklik olmaz,1
sokağacikmayasaği rahat hazrooool diikkkkkayt sokağa çıkılmaya başüstüne devletlüm sokağa çıkıla httpstcopbomui,1
size sokağa çıkacaksınız diyorum şaka lan şaka çıkmayacaksınız hadi len acıdım çıkın sokağacikmayasaği,1
yasak dediler isyan çıktı tamam yasak olmasın dediler yine isyan çıktı ben çıkmıyorum zaten uzaktan seyrediyorum sokağacikmayasaği,1
sağlık bakanı açıklamasında sokağa çıkma yasağı düşünmüyoruz gerekli görülürse yapabiliriz dedi bitti bir httpstcozrwsmixwr,1
saadet paisi olarak hakkı üstün tutmamızın sebebi allah ahiret inancıdır ahirete göre siyaset yapmayanlar im httpstcovdumxbqx,1
 drmadiguzel sağlık çalışanlarını konuda olduğu konularda unuttular mecliste düzenlediğim basın toplantısında sağlık ç,1
galiba birilerinin hafta sonu işleri varmış ondan mi iptal oldu şimdi d sokağacikmayasaği,1
furkanduygu vekilince sokağacikmayasaği duygu evet ben tiviti sabah atmış olsaydım sen yanıtı httpstcojhnybuklm,1
bazen diyorum olacak söv gitsin sonra diyorum sövünce oalık karışacak sus bitsin sokağacikmayasaği,1
cumhurbaşkanı erdoğan saat geçmeden sokağacikmayasaği nı iptal etti etmesine deee peki hafta sonu pazar gü httpstcosdojhhhy,1
